1_000__000_000,uverity,verity1p9gua6q2g393u3a7fhqgjwk522kj5q02f2au6sxsgy3u66xjcz9zwwg7sw5wndy2rpfm50v8ldg38cgaujxyd80dwnuqy5t5jw6u52vy8kkxax6ve8u8lzjxdcpcctcc6ervd4
1_000,test_vty,verity1ryvel5fwkek6grw5th5ggz8vtvr736g8xwsts7vkhrkccsghyewf8u572rrz73svte6hr43j05rqwq8ecfvk0hxn27m654hxs5l2c0ap5faz0rptpffftfh665satspv7jxuy9
1_000__000_000,uverity,verity13yxc8r0gz89hq392rm6vr97ft6m7pt0nvpkg4u056nm8tn2wla5w0caqlrchzx8lg3a0y6emr8w23xy6lfz44v65w9azrj9pyy4lm0g5sq6j8ychxyuvzc6d70yn0xqvrecclc
1_000,test_vty,verity1ngpqzqcuawmy2gw03hdvwh6wcq22h3deyex6uqejg95ngj3x80cr23zz80tes4lwh5dn6sx09cu2t0myp9p2y3a5f7xmpp7fu56cvy6849f25l6039lzxjea3p6plfesvvk0tp
1_000__000_000,uverity,verity1t33duu8emmtpkwqaf887jwmgl5ef046c0y434a9w7ehjnrycywl3t0m4jxaukzx3h7x86tw8ts89h2n8adpa5q4dnv4w76gwcl3wwacsnjzkmqtrukvw4a5dcq49s2p8hqr5ck
1_000,test_vty,verity1as5dsmmvwtprgxvrn6wunwa88uawhwj9jfmn9an9v3wgn6e9neef9h7d95txume505kq48vjdnjxws2p2w3vrxhhqgnk5ud74jg995c2jw0npvteg59w3v9lfltsd8dd4jzmff
1_000__000_000,uverity,verity1ml5zcvmkfywyesru9tlgf8mzze9w2u8e25tmtnqmvyft26npd7dpm975smpjvvgyndcwg8jdf5mvlz2s7xcwja8ha0kkpcg327pcupc9204esf8x54qg2rphd4r4mpk47d6w3x
1_000,test_vty,verity1sjg3t5lc30x5lwl9qa5tqw7utjcq99k4xy7tpskjdukzhrxdzds592azyfry730fwqtlhkl6fzx6cyqzte8pe3j3ssux8myn8h5cwu86az4zmtnz348n4wlfj4uckpk0pk8tfy
1_000__000_000,uverity,verity1yye0acwpfzf04w4rpr20d9ldausff6375sskc55c9x8vfp2nzmxms65xkgx7ua28t34nl8lcj3uwt96jdtw0zj4mw8nrghtzxw6w5ac6svclkpu2hd3qe2zz8r3pza9vw52ca3
1_000,test_vty,verity1zycaakmjejm0ev4pyzd358hudskrvxwmhhm3eu9jxnv3qvyrvzv80cxn0unych2ejrnzpyxn8tug8n8uxu6un9tw78rjy0k6yhqs3wp34kwza4a7u0nmv4ywpuc8tzrevl2t3z
1_000__000_000,uverity,verity14pc8zahzjrx02m5zdea9jy5vkts9v8ejkgm6wf0meu5dw0vf8w6ywj9e9weyp0lvkhj8f9szp0hxarhx7mjph3dcsgheme7dp7dtemkhmsrh4ch4hdj6kpkugmaj7alszyjqdc
1_000,test_vty,verity1w7aucnl85mqpdm3amxduths6q3kppk48y452wgze3smlan8up4l77k04aw4p6v04evq4uhft39e6qhcc0ctunchszhz4aesehhcknxe4eupswywwzgtnd27we7qk9kj2tgqnq6
1_000__000_000,uverity,verity1q4xxnzgrr70j70nz77ltcp54utzr6wldzw86dffr5277yr2z7h33wa8qwm2gwprru6jntuv5v8yv0v8vtwrylhypcweyl37pyx90lk32yet707c8we74qazh9xaq7f09586hyz
1_000,test_vty,verity1jp7nysk58vck6538h2scunsyd6czz9f7c9ks2yaqpu392xxdj440ferawtpsfweegscd3kxm7xkwew4pgfd8x588vtw3k5kqhrr6m8xerqer95f6c7uu4tpy3jus8lnna2ez9h
1_000__000_000,uverity,verity1msu979grmxkwmyqzgsj2clyupp96xyzze0gsxklpdwu82sdel5qh36ep6qkef42jeldmul3f08jlmyyehtyfgyjfdc5l0rj5czz0ppe64cz5ql4y2fjfdgh9tknyq94raqe7lz
1_000,test_vty,verity10sdnhr3s8zmnkjcnzwcywakp5pyw28pxfec7hg4us7mt7hcxw7z48jn4nl4th6dcvjnl5y65nmea4n02dvaqf4cpgqkacr6gnr3sz0rg0v49js5z33yqjqfpt3psddnvd9hm6f
1_000__000_000,uverity,verity1wv3yy3fknqwwsxy32ztdkh83sq9ha30ns2xys8c25m5m82tswf7qwnl6qv630s65te5pqgxadqelpy2u9jypg7gryyuwazs423s2czd355jd5vtvyxz90zyd8t9vrgu4jmwr9e
1_000,test_vty,verity1ck6m9gnzl8qujnrx7ges5q5qgxelkwxfhqr65axjw4rc2pk6pgemyzxd438e9gth6n9yfu7jz296an3ancg9jwhl2rxrm6n255ch6ju5p4cckudz8y3r40dfucsd36axetd7y8
1_000__000_000,uverity,verity1xzfadwqqspkmzj8qszey24vjvlfye325k7w4fqz93qn37tx6evk0z8enpf3mjel82k6g9nn944nux4406wv950ne5jxk3wgeydmy5dj0dt936tkm9qj7hn5xxhuxd44quz9fdu
1_000,test_vty,verity1ej8d8a7t9j7xevw5jznulf9u94denh2vncr7xctddqj42xyfu4cv905ke9cw77vvuncvhvwcxhs5q6ymyjz5c4y8c4e395vndxr050nhq6dw2twxejjlz7xpakpqclu2gteqfa
1_000__000_000,uverity,verity1gwme2skuvq3np8s2fzcfju7pe84d2x7a2qklcurcfmt39yk2yvtuwyuka620gjd74q7yu3wyt8c38934t6g03f3azdgg0agvzg2gu3vl5tgkpny8xwsht0x7ndv46ltn9yr5t7
1_000,test_vty,verity1dze2h7fa0ds7vlk3lf4xk60xy9mmx6tdfsgdupaaavf3xxdgaujwz4a977kdc47rylwxezsugzmypqf0q40qtcy5jhgq9kzhjdt9xtl4fuy2sxnyvkdk3fqhgyegvndm52dch3
1_000__000_000,uverity,verity1ckv8lcduxxht7pg2uez70r6sn4kfhj03x5tzrsg43t4crmvpnljpuhanfcx7uffgmtwudeehmdu8f73df5hg80wc7up2njmrulqd04jthsr6rqj9avyzvtaalhs0u5ht8s3xkt
1_000,test_vty,verity1caktncdsae6d9lrn0ae3kk0v5a8gym48f988y75g6mkpj2e972ayrv3eue5f8s8ush3kex2atn5x63wh9j474spu6v66ngjxhnj3svfelax866d00sf34hgwvgudwwn0szjduh
1_000__000_000,uverity,verity1dnn0a5wqccad9vv72x856sq2s4yf4aza7ckhwg54puvjzvq5e6a4g5v8hsh8h4tf2gxjzm8e03dlmwpv4z53gz2jtyrtym7c0ygn9fsr9x5yluwerv263744ehw08r55cegma2
1_000,test_vty,verity1dq8xdy7e79fpyaqnh3v05y83r7rpt88feewmsv5aeyyuj0z74j7g3h2kd52s27trxfgah89alddv36t0an8jk009wcf8vy08xtxtkpnsk8pygaccve2qzm8a3mktgjcuqy75qc
1_000__000_000,uverity,verity1dslm2g85cu2p23y9vyyrnxytyghf2nc42a3m8egs2qejqs83dqmc9fggch39a4a8v9sagufwefs5ju5uuzvz0pcpp42lcwypxxdtpz56gxyemj8spltyc6kkkzz05vzu6xth4s
1_000,test_vty,verity1ahmyq5vhxay6uqzemc2pek8aek673p24cp3ca3d8une4qav0l3x754zg6x36atk38k6ekkxc3xjcmrmclhldtt3t6cgas08ct9jmmr8y3fgfp23cdsux2xvj5mfzlcuuhzk44m
1_000__000_000,uverity,verity185vm98lf0acjkjg06j6p3v7zxj8udce3w6nqf6v99d8lgxd3euz3vs2fq85yleyah2wfvypnsmsrtslh7rgku72frpkamrxuyu4kg7xmpuy56ylp6875da3q239e8eprvdsun9
1_000,test_vty,verity1es9quc655pzrd55lsv5j25zug6qssv2j6eqclxsaw00ksz48r55523h44fyj6jurpneu00n2aeay9l884tmgnmadz3kwn9l4m95kx9cx208qpc5kx5v3qrdne5ds9ph4lqtefw
1_000__000_000,uverity,verity1mrtmls3g6pv2tdnupgnw6uxl5c43tqzxqrtdvnk93lkpgkk66clfluknwt8qpn4glye77xlvp3evm443xrf8dvh53h455dwccyswc67uumzy23js797vprh7m3sxtavyp938pr
1_000,test_vty,verity1nx8dxuunn85uqumg8vx0hc0un8d90yg66rqpn7appt26ewnr58g0tdxqcjx234p555uvv0xwep2ef0et5jssff5ch4lx9wv4fmh6fu69pjzcgkpsd7t5c847wp45r49caxfmlq
1_000__000_000,uverity,verity150dp9t0mefu7mucqfkr7ca20gfe03hvzx4u94e4lz6dck56z5mx46uds3x7v7wsty6vlktsz5usdyg34r8e9f8xjp4yr2gxmqu7vwg3xzzvfs29xkq2r8u5vw522zfgg29evmq
1_000,test_vty,verity19hthlfd2x8hp26jg9ak7ynatqtmz7xkshax7zea8hd6mm0pwfzsw372pv8p3smlmxtv38l3gt3m8jckc2tyjahyrs7ngv6qydrxcl8hrcwwl9zyjkdfcrlsthe3t72pkd4zh37
1_000__000_000,uverity,verity1wzg9u4qwpcef4hrha4pz9szv67rytnzh7zf0wep0zl04nfdmzhcauamjzdcx78p4mf3xqapyu478zl7fgz0k8gthjygxan3d69a0elagqdh8hdf9psnzcgegmuay3t7wn7cfh2
1_000,test_vty,verity1r0mvzf4ehrke6dk46jlt9nrxq6rnvnwtxc5cwafgc2ynm7wkxsry4nqtzcgnlu4wqg2cy4fvq4lzx06y63ctehyt09022e3mrye5vu5rad2a4lsxs0rqwh02u9f0zy3g44zs2l
1_000__000_000,uverity,verity1p8rh8pz8qvjy0ss0mcwuy20n7hn0r4yjl38v20lxgmxfa6yl739heheqvqkg2plm00gvxnex0xdda8n2myw4j76rqxdet03f3sa629ca9kjjats0xn0ntp5l2xuj6tpfeaz9kn
1_000,test_vty,verity1svqrf7mn59tmkdqsn7azdjvvtuefpav4qmaf2vs6fhvrgjkseatjqgsp3wrppgzwlw5887s92uhpapdauldvjx0jstqjcmzmt7wessm9uhanpfxy6tgpe8g684hfv3vg5g8wqu
1_000__000_000,uverity,verity1suxdahkx64uce7ru45ygfdmawg5zszwt7uv853c4xuczlm9p08x4egjwywhn9drrhlrxx5m9a97jjwe6v242vqkvvqhet3wnmw8sk7zllfrrfm7g9rjv837ucx84zdztkjftfh
1_000,test_vty,verity1jlj0ndr5cl87plpyqq0n30nxj3t0dmljky82dk58sd7pn622lempc2qt4lueqrp6q23w9yk3nyp6yh93zj7n6jgzrnfugyh2pdxdu4hgdlcdtqvlr036t05w5vslt5dczt75fh
1_000__000_000,uverity,verity105xjsm3lzqvu9n93wxxev2jctnqqjc3p2j9rwwwxqpgu2vm9nn7r323h9svt34syaredk0pjf66zu0ufnvuxer44ssr37fr6644ges795d3xextdrjhhg07d0ewlxcme3qa3ra
1_000,test_vty,verity1g6hn3yzqfd2lt9j6nc7atkefmcjr3naw2kfnn3nca7rg69n4mx5lt2zccrsxapjn49kz6mjcq666v7z9sh33cyj9vfe2p9msmc8dqrd7ru3vxpdh5qs5p7ecshfnapmuf6wnsk
1_000__000_000,uverity,verity16nkdvjpc0ny635xv0l0rwqmw8v8ent3svc5qhdlkhs0h28glwu92g66f9fxw0fm4lumsfr4alpu53p8hplgd0umeyssntj8z74gpfyt5zsdzrfq6ejydmfvknr9mxxddrf80gj
1_000,test_vty,verity1lfdtasl0sa7vukv08h5xqxt7y0s4ssw5p0ynmcm7j2mnhe4ess5gj2r3ayfcq0punk4tjfn274arc920yqhf97xtnqavkj72ktlallm4wle23p7p8xl9hf8a0war9qm6qhkzlk
1_000__000_000,uverity,verity1whvr3sr3c7s7zs74drduh5ypsh3hcpcpa6unwqy87kr7knkjhth7wqq2r7wtt5q5hskngza0ep5uytj6enquad5krenenrwvklvd2nrxt9lpc825e4fmkcml348rndkudha4q9
1_000,test_vty,verity1jd6jl9zzmslcete8r67q2e7gttaxntmn63cpjs7tw7gf3z0fwdxv5lydddpkq6klxud82k2phe260yh5ge03htfmycmegskpalfwdmt7hl0p45vz8ht9v0rayl0myg6pf66xgv
1_000__000_000,uverity,verity1f69k6sw7zkf6m9eke9hrg04eae0akhwmm9z3rdg8kr9r9tef5dn9vwjpgs74cz5tmpuaw2gdzpgkdk3vul4rc4wh9c0lrttc273m445nfd6c3ezvh6wp6aws2at7jl99357yq5
1_000,test_vty,verity1lwlrnvwhzm904mcqdau0qrum82p29grjd4ranrxxwg5ah9mj89dcnglsxp8897rxrgm0wy3ftjqlfzgj3vj68l2zyewh20aa27ehdvuswgfzyfnqgkajk7wuzq05gx379p4tvu
1_000__000_000,uverity,verity1uzsh0yn53z9qjcj9prywwl54jec6ap2fwajd4vlcu8nanqvkf4fnph2udwn0m66pkyq5staf8gnsszuv5aurzrmv4ynnu5hxamf7y0tf5wx524pufd0agej3xzmlth2xmxc5my
1_000,test_vty,verity1fr4nsxls72zepy608hvmj43gjqwuytwhvk7at0drgesjzy32ley0yzwqwjqzqv9spuzsclxy9eesqre3wpptquz2j7f644qz3frzjnx76vkgmvmm5rxyy6y95f2uyrexfjxxvk
1_000__000_000,uverity,verity1nsnndrjvalsa0rjuccfe6acpwkl6r8rs8vpapr8agqk8cmnq6xg4nwmhfqqkxe5jv6d48ncwuclkuscdp3y4dq67umagehvy3cv69euf3aq2zffemgwm3vgjlwrg4z0unu9r7s
1_000,test_vty,verity1k8aztx2vrk2866sd8rt3d7wl0s62hnu9ydmce7lknhku89yef6w3tje5z9n9wzd3n8wq6snsy85smm377lq6uvrtf29r5j4gsp003e85ewcs89hfaa5vc0rx5gln2ekf4j40kv
1_000__000_000,uverity,verity192myecvu6hx9xap3u2g6je0vjercttg9fw9jhhcw0hy0ul0wpaawexxxfqlk2lnl0qe0sp4nr27jtfh7xy6qaew8xwtlknfmfmmgm7dxx256l9p7fz56fec62u7zq6938ucz9r
1_000,test_vty,verity17fw67hcjkdnvahmxfc265x7txvg9df77j789p72tv9sf757vexs3zvwcrf3l7uwpsv64uv3v0ujma25uqc5lm2twczv8qxp6tc6y5ew0mmuxpyr4kvu99932zket4vsag0dljs
1_000__000_000,uverity,verity16pdpnuplm6cweax5jkdfavmyqec4g5plflm4hjnmeuw6chxrc5fjrz70p205h5qt94zvk4v9vqhe23492tl7p9djwswmzvnksg6csw0wcjdcvc6l04rl5x360ery7rxhl0j876
1_000,test_vty,verity143q2pkcjknrvszm0j57qchnghv7qpds257y099e7g56zd2jgsv3dntu2m2srjmmwcpfzwr9nvmttymppp8j2wrv72r6gu8py83j4puqpsxwgzrr9z8h6wv4wlcdm54yyptpg6w
1_000__000_000,uverity,verity12hkh08c03248xlpfsm6v2lwuhm8c3hm4hmsr5djlmxdeq8ergnz4g7ykdc86wju0w0n3r8p4cn7wtgva5xkjtqrmjg526umpva0txl7wd02azs7pejf9un34zjvefnv2mqcwc9
1_000,test_vty,verity1r8kq78juagag9q55fedefsu98tq20hnfayvsl0n84c2dxxlfeeepl59ccnmqae3ashn2ks8qj5k058dk90fe4zvetwlmklwjt4mdtyps6ym4vpj0jqm3ufgxauh8kh4z0fzxwn
